{"cameraMode":{"drawMode":0,"name":"Shaded","section":"Shading Mode"},"sceneLighting":true,"audioPlay":false,"sceneViewState":{"showFog":true,"showMaterialUpdate":false,"showSkybox":true,"showFlares":true,"showImageEffects":true,"showParticleSystems":true},"in2DMode":false,"pivot":{"x":-28.15999984741211,"y":-9.889999389648438,"z":28.23999786376953},"rotation":{"x":0.11689440160989762,"y":-0.05001256614923477,"z":0.00588234094902873,"w":0.9918884634971619},"size":1.5526416301727296,"orthographic":false}