{"cameraMode":{"drawMode":0,"name":"Shaded","section":"Shading Mode"},"sceneLighting":true,"audioPlay":false,"sceneViewState":{"showFog":true,"showMaterialUpdate":false,"showSkybox":true,"showFlares":true,"showImageEffects":true,"showParticleSystems":true},"in2DMode":false,"pivot":{"x":-54.79289245605469,"y":-5.279802322387695,"z":40.54770278930664},"rotation":{"x":-0.2869285047054291,"y":-0.10436446964740753,"z":0.031450726091861728,"w":-0.9517454504966736},"size":0.8826252818107605,"orthographic":false}